user_id,follower_id
followers,/u/zero0002/
followers,/u/zero0002/reviews/
followers,/u/zero0002/followers/
followers,/u/zero0002/following/
followers,/u/belloshop/
followers,/u/angelina99899/
followers,/u/sammildong/
followers,/u/sammildong668/
followers,/u/mikecheungxd/
followers,/u/aajener_94886266/
followers,/u/graiyli168/
followers,/u/airpod_cases/
followers,/u/alexmhk/
followers,/u/ccvbtz/
followers,/u/mydreamzcloset.sg/
followers,/u/tinz0311/
followers,/u/tinz0311/reviews/
followers,/u/tinz0311/followers/
followers,/u/tinz0311/following/
followers,/u/beebee128/
followers,/u/216freevox/
followers,/u/k5dd66tcxz/
followers,/u/juileetradingco/
followers,/u/greenkwok/
followers,/u/youlose1213/
followers,/u/bruce9991/
followers,/u/strongzhu/
followers,/u/ray12228/
followers,/u/jimmy08021117/
followers,/u/mccloud2078/
followers,/u/yt_plus_store/
followers,/u/kenmychan/
followers,/u/acccard/
followers,/u/PKT07/
followers,/u/mr.organizer/
followers,/u/cmst7092/
followers,/u/joerisk53/
followers,/u/pinky.beauty/
followers,/u/vdysq2y8bn/
followers,/u/DSEchecker/
followers,/u/LEO784/
followers,/u/bbhkgbkk/
followers,/u/gameoutlet/
followers,/u/5_hkshop/
followers,/u/ngjason._./
followers,/u/ayihouse/
followers,/u/RedBryan/
followers,/u/yw1129/
followers,/u/qvavt9g6wt/
followers,/u/ckhui2022/
followers,/u/zh633210an/
followers,/u/buysomestuff_/
followers,/u/jeenwalia15/
followers,/u/kt_2023/
followers,/u/billy_echin/
followers,/u/katykatie857/
followers,/u/andylkl0521/
followers,/u/alanswf1126/
followers,/u/imgoo/
followers,/u/atiquehamza143/
followers,/u/daily_kk/
followers,/u/zhaoyibin1998/
followers,/u/apple95593580/
followers,/u/onlineshop168/
followers,/u/kaydon/
followers,/u/goodcheapbuy/
followers,/u/wallnex/
followers,/u/maggie19820927/
followers,/u/lifehk/
followers,/u/pig_island/
followers,/u/icq16946811/
followers,/u/kenwong06/
followers,/u/heritage1111/
followers,/u/wongchingpiu/
followers,/u/ksd86/
followers,/u/matthewchloe/
followers,/u/tangkin0511/
followers,/u/laumankui1/
followers,/u/hongkongdesigner/
followers,/u/lorie0403/
followers,/u/gocycling/
followers,/u/hellotammy./
followers,/u/loriepretty/
followers,/u/funny6688/
followers,/u/hananhooi00820/
followers,/u/steve101101110/
followers,/u/frapoo_ch./
followers,/u/wingbigsale/
followers,/u/kevin19981002/
followers,/u/flying_tiger_boom/
followers,/u/hugowonh/
followers,/u/wingfung.brian/
followers,/u/lawrencelucifer/
followers,/u/ikhlaqmunna/
followers,/u/alexalex7/
followers,/u/adaming/
followers,/u/hk_english_helper/
followers,/u/bf3168bf/
followers,/u/ciaociao81/
followers,/u/jgvfd3051/
followers,/u/ywindream/
followers,/u/ruby7788/
followers,/u/tangchinwun/
followers,/u/riceball_cat/
followers,/u/herrysze228/
followers,/u/cwwayne1234567890/
followers,/u/lovemusicenjoylife59335393/
followers,/u/disneytidus/
followers,/u/waiwaiwai811/
followers,/u/authentic_bazaar/
followers,/u/v5y6p5wgnr/
followers,/u/baktai0827/
followers,/u/knight36m/
followers,/u/nanaisna779/
followers,/u/alvachan260608/
followers,/u/naveedkhan028/
followers,/u/vickylam512/
followers,/u/mtzain/
followers,/u/ptt2017/
followers,/u/kiss138800/
followers,/u/Yba_Store/
followers,/u/yol.Amy/
followers,/u/merry926/
followers,/u/pfcxpmtqrm/
followers,/u/augu.t/
followers,/u/yiuman_wu/
followers,/u/SUSAN/
followers,/u/kaling831/
followers,/u/fh00410325/
followers,/u/fh00410325/reviews/
followers,/u/fh00410325/followers/
followers,/u/fh00410325/following/
followers,/u/more2sales/
followers,/u/aterengami12437/
followers,/u/chi_wa/
followers,/u/ray12228/
followers,/u/cpl12345/
followers,/u/cm_li/
followers,/u/gloriatoho90991/
followers,/u/kennywong1114/
followers,/u/superthanos/
followers,/u/plssam/
followers,/u/chinafineart/
followers,/u/sammildong/
followers,/u/sheepxd/
followers,/u/143461/
followers,/u/abbikes1679/
followers,/u/gardeningsolution/
followers,/u/circle.m/
followers,/u/daydreamcafe/
followers,/u/gmt01.64/
followers,/u/taxifai8888/
followers,/u/justmoneycome/
followers,/u/appleak68/
followers,/u/heritage1111/
followers,/u/dark-knight/
followers,/u/travel.with.me/
followers,/u/ChoiceBike/
followers,/u/CCKCOLLECTION/
followers,/u/qualedu/
followers,/u/mtmtshop/
followers,/u/g-lam/
followers,/u/tabrizcarpets/
followers,/u/vhvjj/
followers,/u/tommyleung1997/
followers,/u/angelia_stocks19/
followers,/u/happydealmaking/
followers,/u/zrchan830j/
followers,/u/maggie19820927/
followers,/u/panameraxuan/
followers,/u/firstime_126/
followers,/u/naegipink/
followers,/u/johnnycomeon/
followers,/u/94boy/
followers,/u/officeuseful/
followers,/u/ji2lji2l/
followers,/u/zrchan830/
followers,/u/zrticketgallery/
followers,/u/sneakerboyinhk/
followers,/u/lemonlust/
followers,/u/sgbicycles/
followers,/u/wung_maggie/
followers,/u/whiskycent/
followers,/u/xiangganghuojiapifa/
followers,/u/remi.smilefashion/
followers,/u/bottomclean/
followers,/u/english_tutor_2008/
followers,/u/yyanjo/
followers,/u/yyanjo/reviews/
followers,/u/yyanjo/followers/
followers,/u/yyanjo/following/
followers,/u/cm_li/
followers,/u/eeerrrk/
followers,/u/jerry81/
followers,/u/gamesmonkey/
followers,/u/_blackdots/
followers,/u/jubilation_international/
followers,/u/hotelhk3546/
followers,/u/94boy/
followers,/u/fascinating.premium.bag.mall/
followers,/u/kidschild/
followers,/u/angelatt/
followers,/u/zrchan830/
followers,/u/mydreamzcloset.sg/
followers,/u/daily_kk/
followers,/u/joyce_80/
followers,/u/sammildong668/
followers,/u/raytsangmusic/
followers,/u/saku2003/
followers,/u/flying_tiger_boom/
followers,/u/hkproduce/
followers,/u/english_tutor_2008/
followers,/u/firstime_126/
followers,/u/adaming/
followers,/u/pandora600/
followers,/u/zrticketgallery/
followers,/u/hotelhk647/
followers,/u/livingideas11/
followers,/u/KenTsang/
followers,/u/maggie19820927/
followers,/u/hoteltwhk/
followers,/u/hongkong_bbpeonlineshop/
followers,/u/e.brand_outlet/
followers,/u/dreamhair_hair_fibers/
followers,/u/surhk13/
followers,/u/heritage1111/
followers,/u/chloe_vintage/
followers,/u/usa_english_tutor/
followers,/u/saltlamphk_clarity/
followers,/u/matthewchloe/
followers,/u/dbsnsnn/
followers,/u/dbsnsnn/reviews/
followers,/u/dbsnsnn/followers/
followers,/u/dbsnsnn/following/
followers,/u/iafihckof/
followers,/u/maggie19820927/
followers,/u/jeffshopline/
followers,/u/_animalcrossing.ac_/
followers,/u/sendylei090104/
followers,/u/heritage1111/
followers,/u/hangdx9siu.1/
followers,/u/hangdx9siu.1/reviews/
followers,/u/hangdx9siu.1/followers/
followers,/u/hangdx9siu.1/following/
followers,/u/owlbaby88/
followers,/u/txxoppa/
followers,/u/raytsangmusic/
followers,/u/r181307-44006/
followers,/u/r181307-44006/reviews/
followers,/u/r181307-44006/followers/
followers,/u/r181307-44006/following/
followers,/u/canny1414/
followers,/u/karl818/
followers,/u/cmank/
followers,/u/hi33hi66/
followers,/u/hung12928/
followers,/u/lucas325/
followers,/u/plugnplanthk/
followers,/u/humhumo.0/
followers,/u/pan861234/
followers,/u/GT750/
followers,/u/tszing0814/
followers,/u/M.C.P.Y/
followers,/u/miziki258/
followers,/u/swkeso2010/
followers,/u/hello_ol/
followers,/u/apaulo14/
followers,/u/firsthonor57601/
followers,/u/Kri2sun/
followers,/u/sopeeramp/
followers,/u/hunter666/
followers,/u/CaLviN/
followers,/u/cdde10663-26180/
followers,/u/contex2018/
followers,/u/tch52956022296/
followers,/u/giraffe.shop/
followers,/u/nishiwaki/
followers,/u/boomieyusiu/
followers,/u/mymeowlife/
followers,/u/cotta789/
followers,/u/一般ピポです/
followers,/u/buddygames/
followers,/u/lightpower0811/
followers,/u/lamlamchu888/
followers,/u/noodol/
followers,/u/wing.cheung/
followers,/u/idgaf911/
followers,/u/aders/
followers,/u/ericannietam/
followers,/u/mantim20120903/
followers,/u/manlee9712/
followers,/u/negannnnnnnn/
followers,/u/leelomo13/
followers,/u/peter19951110-45893/
followers,/u/all_day_trading/
followers,/u/tomb612000/
followers,/u/edxcxa/
followers,/u/nelsonk6607756/
